Product_Name,MRP,DSP,Discount,Ratings,Reviews,RAMGB,ROMGB,Warranty in Years
Acer Aspire 15 AMD Ryzen 5 Hexa Core 7430U - (16 GB/512 GB SSD/Windows 11 Home) Aspire AS15-42 Thin an,59990,38990,35,1928,236,16,512,1
Acer Aspire 3 Intel Celeron Dual Core - (8 GB/256 GB SSD/Windows 11 Home) A311-45 Thin and Light Lapto,33399,17990,46,1236,118,8,256,1
HP 15s Intel Core i3 13th Gen 1315U - (8 GB/512 GB SSD/Windows 11 Home) 15-fd0006TU / 15-fd0569TU Thin,50903,34990,31,430,36,8,512,1
MOTOROLA Motobook 60 Full Metal OLED (i7 14th Gen) Intel Core 7 (Series 2) 240H - (16 GB/512 GB SSD/Wi,104890,67990,35,233,34,16,512,1
Acer Swift Neo OLED AI PC Intel Core Ultra 5 115U - (16 GB/512 GB SSD/Windows 11 Home) SFN14-54H Thin ,99999,54990,45,295,39,16,512,1
"ASUS Vivobook S14 Flip (2025) with Office 2024 + M365 Basic*, A-Part Metal Body, Intel Core i5 13th Ge",86990,69990,19,56,5,16,512,1
ASUS Vivobook 15 Intel Core i7 13th Gen 13620H - (16 GB/512 GB SSD/Windows 11 Home) X1502VA-BQ837WS Th,85990,66990,22,184,16,16,512,1
HP 15 Intel Core 3 14th Gen 100U - (8 GB/512 GB SSD/Windows 11 Home) 15-fd1253TU/ 15-fd1225TU Thin and,50843,37990,25,208,12,8,512,1
Lenovo Ideapad Intel Core i5 12th Gen 12450H - (16 GB/512 GB SSD/Windows 11 Home/4 GB Graphics) 15IAH8,75000,50980,32,95,6,16,512,
MOTOROLA Motobook 60 Full Metal OLED (i7 14th Gen) Intel Core 7 (Series 2) 240H - (16 GB/1 TB SSD/Wind,110490,71990,34,233,34,16,,1
CHUWI Intel Celeron Dual Core 11th Gen N4020 - (8 GB/256 GB SSD/Windows 11 Home) HeroBook Pro Laptop,34990,17990,48,1711,204,8,8,1
Lenovo V 15 (2025) AMD Ryzen 3 Quad Core 7320U - (8 GB/512 GB SSD/Windows 11 Pro) V 15 Thin and Light ,52990,28990,45,23,1,8,512,1
MOTOROLA Motobook 60 Full Metal OLED (i7 14th Gen) Intel Core 7 (Series 2) 240H - (16 GB/512 GB SSD/Wi,104890,67990,35,233,34,16,512,1
ZEBRONICS Pro Series Z Intel Core i7 12th Gen 1255U - (16 GB/512 GB SSD/Windows 11 Home) ZEB-NBC 5S Th,78999,36990,53,190,12,16,512,1
MOTOROLA Motobook 60 Full Metal OLED (i7 14th Gen) Intel Core 7 (Series 2) 240H - (16 GB/512 GB SSD/Wi,104890,67990,35,233,34,16,512,1
CHUWI Intel Celeron Quad Core 12th Gen N100 - (8 GB/256 GB SSD/Windows 11 Home) GemiBook X_Pro Laptop,34990,22990,34,761,135,8,256,1
Acer One Intel Core i3 11th Gen 1115G4 - (8 GB/512 GB SSD/Windows 11 Home) AO 14 Z 8-415 Thin and Ligh,43999,22990,47,13309,969,8,512,1
HP 255 G10 AMD Ryzen 5 Quad Core 7520U - (8 GB/512 GB SSD/Windows 11 Home) 255 G10 Thin and Light Lapt,48990,32990,32,827,54,8,512,1
ASUS Vivobook Go 15 Intel Celeron Dual Core N4500 - (8 GB/512 GB SSD/Windows 11 Home) E510KA-EJ9011WS ,35990,25890,28,1278,112,8,512,1
HP Backlit Intel Core i5 12th Gen 1235U - (8 GB/512 GB SSD/Windows 11 Home) 15s-fy5002TU Thin and Ligh,70064,44990,35,7819,365,8,512,1
Primebook 4G Android based MediaTek MT8788 - (4 GB/64 GB EMMC Storage/Prime OS) 4G Thin and Light Lapt,23990,16490,31,17,8,4,,1
Acer Aspire 3 AMD Ryzen 3 Quad Core 7330U - (8 GB/512 GB SSD/Windows 11 Home) A325-42 Thin and Light L,44990,28990,35,615,85,8,512,1
Acer Intel Core i3 12th Gen 1215U - (16 GB/512 GB SSD/Windows 11 Home) A324-51 Thin and Light Laptop,47990,31990,33,3896,296,16,512,1
CHUWI Intel Celeron Dual Core 11th Gen N4020 - (8 GB/256 GB SSD/Windows 11 Home) HeroBook Pro Laptop,34990,17990,48,1711,204,8,8,1
Acer Aspire 7 Intel Core i5 12th Gen 12450H - (16 GB/512 GB SSD/Windows 11 Home/4 GB Graphics/NVIDIA G,84999,54990,35,2646,211,16,512,1
Acer Aspire 15 AMD Ryzen 5 Hexa Core 7430U - (16 GB/512 GB SSD/Windows 11 Home) Aspire AS15-42 Thin an,59990,38990,35,1928,236,16,512,1
MOTOROLA Motobook 60 Full Metal OLED (i5 14th Gen) Intel Core 5 (Series 2) 210H - (16 GB/512 GB SSD/Wi,93690,59990,35,435,52,16,512,1
CHUWI Intel Celeron Dual Core 11th Gen N4020 - (8 GB/256 GB SSD/Windows 11 Home) HeroBook Plus Laptop,39990,18990,52,1711,204,8,256,1
Lenovo LOQ Intel Core i5 13th Gen 13450HX - (16 GB/512 GB SSD/Windows 11 Home/6 GB Graphics/NVIDIA GeF,112990,81490,27,117,7,16,512,1
Lenovo IdeaPad Slim 3 Intel Core i5 12th Gen 12450H - (8 GB/512 GB SSD/Windows 11 Home) 15IAH8 Thin an,69190,46990,32,518,59,8,512,
HP 250 G9 Intel Celeron Dual Core 12th Gen 4500u - (8 GB/256 GB SSD/DOS) 8Y2Y9PA Laptop,28042,21980,21,196,13,8,256,
Acer Swift Neo OLED AI PC Intel Core Ultra 5 115U - (16 GB/512 GB SSD/Windows 11 Home) SFN14-54H Thin ,99999,54990,45,295,39,16,512,1
CHUWI Intel Celeron Dual Core 11th Gen N4020 - (8 GB/256 GB SSD/Windows 11 Home) HeroBook Pro Laptop,34990,17990,48,1711,204,8,8,1
HP Laptop Intel Core i3 13th Gen 1315U - (8 GB/512 GB SSD/Windows 11 Home) 15 -fd0129TU / fd0186TU / 1,50903,36990,27,789,41,8,512,1
Acer Aspire 3 Intel Core i3 12th Gen 1215U - (8 GB/512 GB SSD/Windows 11 Home) A324-51 Thin and Light ,43000,27990,34,3896,296,8,512,1
DELL 15 Intel Core i3 13th Gen 1305U - (16 GB/512 GB SSD/Windows 11 Home) OVN353025001RING1O Thin and ,44855,41490,7,70,6,16,512,
HP 15 G10 (2025) AMD Athlon Dual Core 7120U - (8 GB/256 GB SSD/Windows 11 Home) 15 G10 Thin and Light ,49990,24490,51,65,7,8,256,1
MOTOROLA Motobook 60 Full Metal OLED (i7 14th Gen) Intel Core 7 (Series 2) 240H - (16 GB/1 TB SSD/Wind,110490,71990,34,233,34,16,,1
Acer Aspire 3 Intel Celeron Dual Core N4500 - (8 GB/512 GB SSD/Windows 11 Home) A325-45 Thin and Light,29999,23500,21,2837,221,8,512,1
Acer Aspire Lite AMD Ryzen 5 Hexa Core 5625U - (8 GB/512 GB SSD/Windows 11 Home) AL15-41 Thin and Ligh,59990,34990,41,1545,133,8,512,1
ASUS Vivobook Go 15 AMD Ryzen 3 Quad Core 7320U - (8 GB/512 GB SSD/Windows 11 Home) E1504FA-NJ131WS | ,44990,33990,24,408,27,8,512,1
Lenovo IdeaPad Slim 3 Intel Core i5 12th Gen 12450H - (16 GB/512 GB SSD/Windows 11 Home) IdeaPad Slim ,70790,48990,30,213,12,16,512,1
"ASUS Vivobook 15, with Backlit Keyboard, Intel Core i5 12th Gen 1235U - (16 GB/512 GB SSD/Windows 11 H",66990,44550,33,8310,475,16,512,1
ASUS Vivobook 15 (2025) with Office 2024 + M365 Basic* Intel Core i3 13th Gen 1315U - (8 GB/512 GB SSD,49990,38990,22,,,8,512,1
ASUS Vivobook 15 Intel Core i5 12th Gen i5-1235U - (8 GB/512 GB SSD/Windows 11 Home) X1502ZA-EJ515WS L,70990,47890,32,20,1,8,512,1
ASUS Expertbook P1 Intel Core i3 13th Gen 1315U - (16 GB/512 GB SSD/Windows 11 Home) P1403CVA-S60938WS,74990,34990,53,958,99,16,512,1
Acer Aspire Lite AMD Ryzen 7 Octa Core 7730U - (16 GB/1 TB SSD/Windows 11 Home) AL15-41 Thin and Light,68999,44990,34,344,33,16,,1
HP Backlit Intel Core i5 12th Gen 1235U - (8 GB/512 GB SSD/Windows 11 Home) 15s-fy5002TU Thin and Ligh,70064,44990,35,7819,365,8,512,1
MICROSOFT Surface Laptop (7th Edition) AI PC Snapdragon X Elite - (16 GB/1 TB SSD/Windows 11 Home) ZYT,183999,173990,5,,,16,,1
HP Victus Intel Core i5 13th Gen 13420H - (16 GB/512 GB SSD/Windows 11 Home/6 GB Graphics/NVIDIA GeFor,87262,69990,19,184,7,16,512,1
ASUS Vivobook 16 (2025) with Office 2024 + M365 Basic* Intel Core i5 13th Gen 13420H - (16 GB/512 GB S,74990,56890,24,45,2,16,512,1
Acer Aspire 3 Intel Celeron Dual Core N4500 - (8 GB/512 GB SSD/Windows 11 Home) A325-45 Thin and Light,30240,24990,17,234,28,8,512,1
Acer Aspire 3 Intel Core i3 12th Gen 1215U - (8 GB/256 GB SSD/Windows 11 Home) A324-51 Thin and Light ,41000,28990,29,3896,296,8,256,1
Acer Aspire 15 AMD Ryzen 5 Hexa Core 7430U - (16 GB/512 GB SSD/Windows 11 Home) Aspire AS15-42 Thin an,59990,38990,35,1928,236,16,512,1
MOTOROLA Motobook 60 Full Metal OLED (i5 14th Gen) Intel Core 5 (Series 2) 210H - (16 GB/512 GB SSD/Wi,93690,59990,35,435,52,16,512,1
MICROSOFT Surface Laptop (7th Edition) AI PC Snapdragon X Elite - (16 GB/512 GB SSD/Windows 11 Home) Z,163999,154990,5,,,16,512,1
Samsung Galaxy Book4 Metal Intel Core i3 13th Gen 1315U - (8 GB/512 GB SSD/Windows 11 Home) NP750XGJ-L,57499,38990,32,5490,565,8,512,1
"ASUS Vivobook 14 (2025) with Office 2024 + M365 Basic*, AI PC Intel Core Ultra 5 225H - (16 GB/512 GB ",92990,70990,23,93,11,16,512,
Acer Swift Neo OLED AI PC Intel Core Ultra 5 115U - (16 GB/512 GB SSD/Windows 11 Home) SFN14-54H Thin ,99999,54990,45,295,39,16,512,1
CHUWI Intel Celeron Dual Core 11th Gen N4020 - (8 GB/256 GB SSD/Windows 11 Home) HeroBook Pro Laptop,34990,17990,48,1711,204,8,8,1
Acer Aspire Lite AMD Ryzen 3 Quad Core 7330U - (16 GB/512 GB SSD/Windows 11 Home) AL15-41 Thin and Lig,46990,31990,31,582,50,16,512,1
ASUS Expertbook P1 Intel Core i3 13th Gen 1315U - (8 GB/512 GB SSD/Windows 11 Home) P1503CVA-S70501WS ,69990,34990,50,958,99,8,512,1
HP 15 (2025) Intel Celeron Dual Core N4500 - (8 GB/512 GB SSD/Windows 11 Home) 15 Thin and Light Lapto,44990,25490,43,24,3,8,512,1
Acer Aspire 3 Intel Celeron Dual Core N4500 - (8 GB/256 GB SSD/Windows 11 Home) A325-45 Thin and Light,29990,22990,23,1211,112,8,256,1
ASUS Vivobook 15 Intel Core i7 13th Gen 13620H - (16 GB/512 GB SSD/Windows 11 Home) X1502VA-BQ838WS Th,85990,66990,22,184,16,16,512,1
HP Envy x360 Intel Core i5 13th Gen 1335U - (16 GB/512 GB SSD/Windows 11 Home) 15-fe0028TU Laptop,110245,98990,10,38,7,16,512,1
MOTOROLA Motobook 60 Full Metal OLED (i5 14th Gen) Intel Core 5 (Series 2) 210H - (16 GB/512 GB SSD/Wi,93690,59990,35,435,52,16,512,1
Samsung Galaxy Book4 Edge Series Copilot AI-PC Full Metal Chasis Qualcomm Snapdragon X - (16 GB/512 GB,92390,64990,29,31,1,16,512,1
HP AMD Ryzen 5 Hexa Core 5500U - (8 GB/512 GB SSD/Windows 11 Home) 15s- eq2144au Thin and Light Laptop,54552,35900,34,8418,598,8,512,1
MICROSOFT Surface Laptop (7th Edition) AI PC Snapdragon X Plus - (16 GB/512 GB SSD/Windows 11 Home) ZG,134999,126990,5,,,16,512,1
HP 15 (2025) AMD Athlon Dual Core 7120U - (8 GB/256 GB SSD/Windows 11 Home) 15 Thin and Light Laptop,44990,24690,45,6,1,8,256,1
HP 14R (2025) Intel Core i3 13th Gen 1315U - (16 GB/512 GB SSD/Windows 11 Home) 14R G9 Thin and Light ,75000,35990,52,56,5,16,512,1
Acer Aspire Lite AMD Ryzen 3 Quad Core 7330U - (8 GB/512 GB SSD/Windows 11 Home) AL15-41 Thin and Ligh,44990,29990,33,582,50,8,512,1
MICROSOFT Surface Laptop (7th Edition) AI PC Snapdragon X Elite - (16 GB/512 GB SSD/Windows 11 Home) Z,154999,145990,5,,,16,512,1
Lenovo LOQ AMD Ryzen 7 Octa Core 7435HS - (24 GB/512 GB SSD/Windows 11 Home/4 GB Graphics/NVIDIA GeFor,93190,67990,27,21,2,24,512,1
HP 15s AMD Ryzen 3 Quad Core 5300U - (8 GB/512 GB SSD/Windows 11 Home) 15s-eq2143au Thin and Light Lap,47737,31990,32,5831,476,8,512,1
MICROSOFT Surface Laptop (7th Edition) AI PC Snapdragon X Elite - (16 GB/256 GB SSD/Windows 11 Home) Z,142999,134990,5,,,16,256,1
Acer Aspire 3 Intel Celeron Dual Core N4500 - (8 GB/512 GB SSD/Windows 11 Home) A324-45 Thin and Light,32999,22990,30,2837,221,8,512,1
MOTOROLA Motobook 60 Full Metal OLED (i7 14th Gen) Intel Core 7 (Series 2) 240H - (16 GB/1 TB SSD/Wind,110490,71990,34,233,34,16,512,1
ASUS Vivobook 15 Intel Core i3 13th Gen 1315U - (16 GB/512 GB SSD/Windows 11 Home) X1504VA-NJ2325WS | ,56990,41990,26,947,74,16,512,1
Acer Aspire 15 AMD Ryzen 5 Hexa Core 7430U - (16 GB/512 GB SSD/Windows 11 Home) Aspire AS15-42 Thin an,59990,38990,35,1928,236,16,512,1
MOTOROLA Motobook 60 Full Metal OLED (i5 14th Gen) Intel Core 5 (Series 2) 210H - (16 GB/512 GB SSD/Wi,93690,59990,35,435,52,16,512,1
HP Intel Celeron Dual Core N4500 - (8 GB/512 GB SSD/Windows 11 Home) 14s-dq3141TU Thin and Light Lapto,,31933,,3,0,8,512,1
HP Victus 15 Intel Core i5 13th Gen 13420H - (16 GB/512 GB SSD/Windows 11 Home/6 GB Graphics/NVIDIA Ge,92110,69990,24,1317,86,16,512,1
HP 15 Intel Core 3 14th Gen 100U - (8 GB/512 GB SSD/Windows 11 Home) 15-fd1253TU/ 15-fd1225TU Thin and,50843,37990,25,208,12,8,512,1
ASUS Vivobook 15 Intel Core i7 13th Gen 13620H - (16 GB/512 GB SSD/Windows 11 Home) X1502VA-BQ837WS Th,85990,66990,22,184,16,16,512,1
Acer Swift Neo OLED AI PC Intel Core Ultra 5 115U - (16 GB/512 GB SSD/Windows 11 Home) SFN14-54H Thin ,99999,54990,45,295,39,16,512,1
CHUWI Intel Celeron Dual Core 11th Gen N4020 - (8 GB/256 GB SSD/Windows 11 Home) HeroBook Pro Laptop,34990,17990,48,1711,204,8,8,1
HP Pavilion Plus Laptop 14 Enhanced by AI With Backlit Intel Core Ultra 5 125H - (16 GB/512 GB SSD/Win,101089,68990,31,,,16,512,1
MOTOROLA Motobook 60 Full Metal OLED (i7 14th Gen) Intel Core 7 (Series 2) 240H - (16 GB/512 GB SSD/Wi,104890,67990,35,233,34,16,512,1
Lenovo LOQ AMD Ryzen 5 Quad Core 7235HS - (24 GB/512 GB SSD/Windows 11 Home/4 GB Graphics/NVIDIA GeFor,90490,64990,28,575,48,24,512,1
Acer Aspire Lite Intel Core i3 13th Gen 1305U - (16 GB/512 GB SSD/Windows 11 Home) AL15-53 Notebook,46990,34990,25,170,14,16,512,1
ASUS Vivobook 15 Intel Core i5 13th Gen 1335U - (16 GB/512 GB SSD/Windows 11 Home) X1504VA-NJ540WS | X,79990,48199,39,522,28,16,512,1
DELL Inspiron Intel Core i3 10th Gen 1005G1 - (4 GB/1 TB HDD/Windows 10 Home) Inspiron 3501 Laptop,,42881,,318,48,4,,1
Lenovo IdeaPad 3 Intel Core i5 10th Gen 1035G7 - (8 GB/1 TB HDD/Windows 10 Home) 15IIL05 Laptop,,63790,,411,36,8,,1
Acer Swift Go 14 AMD Ryzen 7 Octa Core 7730U - (16 GB/1 TB SSD/Windows 11 Home) SFG14-41 Thin and Ligh,,84999,,630,70,16,,1
Acer Aspire 3 Intel Celeron Dual Core - (8 GB/256 GB SSD/Windows 11 Home) A311-45 Thin and Light Lapto,33399,17990,46,1236,118,8,256,1
Infinix ZEROBOOK 13 Intel Core i5 13th Gen 13500H - (16 GB/512 GB SSD/Windows 11 Home) ZL513 Thin and ,79990,40990,48,667,98,16,512,1
Lenovo IdeaPad Slim 3 AMD Ryzen 5 Quad Core 7520U - (16 GB/512 GB SSD/Windows 11 Home) 15AMN8 Thin and,72190,40490,43,224,17,16,512,
HP Pavilion Intel Core i5 13th Gen 1340P - (16 GB/512 GB SSD/Windows 11 Home) 15-eg3079TU Thin and Lig,83705,60990,27,1523,100,16,512,1
Acer Aspire 3 Intel Celeron Dual Core - (8 GB/512 GB SSD/Windows 11 Home) A311-45 Thin and Light Lapto,35999,19990,44,2104,213,8,512,1
MOTOROLA Motobook 60 Full Metal OLED (i7 14th Gen) Intel Core 7 (Series 2) 240H - (16 GB/512 GB SSD/Wi,104890,67990,35,233,34,16,512,1
Acer Aspire Lite AMD Ryzen 3 Quad Core 7330U - (8 GB/256 GB SSD/Windows 11 Home) AL15-41 Thin and Ligh,44990,27990,37,78,7,8,256,1
HP 15s Intel Core i3 12th Gen 1215U - (8 GB/512 GB SSD/Windows 11 Home) 15s-fq5327TU / FD0063TU Thin a,51134,34970,31,7190,579,8,512,1
DELL Intel Core i3 13th Gen - (8 GB/512 GB SSD/Windows 11 Home) INSPIRON 5440 Laptop,49427,34800,29,,,8,512,
"ASUS Vivobook S14 Flip (2025) with Office 2024 + M365 Basic*, A-Part Metal Body, Intel Core i5 13th Ge",86990,69990,19,56,5,16,512,1
ASUS Vivobook 15 Intel Core 5 120U - (16 GB/512 GB SSD/Windows 11 Home) X1504VAP-NJ541WS Thin and Ligh,79990,49500,38,3,0,16,512,
MICROSOFT Surface Laptop (7th Edition) AI PC Snapdragon X Plus - (16 GB/512 GB SSD/Windows 11 Home) ZG,134999,109990,18,,,16,512,1
Acer Aspire 15 AMD Ryzen 5 Hexa Core 7430U - (16 GB/512 GB SSD/Windows 11 Home) Aspire AS15-42 Thin an,59990,38990,35,1928,236,16,512,1
MOTOROLA Motobook 60 Full Metal OLED (i5 14th Gen) Intel Core 5 (Series 2) 210H - (16 GB/512 GB SSD/Wi,93690,59990,35,435,52,16,512,1
MOTOROLA Motobook 60 Full Metal OLED (i7 14th Gen) Intel Core 7 (Series 2) 240H - (16 GB/1 TB SSD/Wind,110490,71990,34,233,34,16,,1
MOTOROLA Motobook 60 Full Metal OLED (i5 14th Gen) Intel Core 5 (Series 2) 210H - (16 GB/512 GB SSD/Wi,93690,59990,35,435,52,16,512,1
Lenovo IdeaPad 1 MSO'2024 AMD Ryzen 5 Hexa Core 5625U AMD Ryzen 5 Hexa Core 5625U - (16 GB/512 GB SSD/,68990,37990,44,443,33,16,512,1
"ASUS Vivobook 15, with Backlit Keyboard, Intel Core i5 12th Gen 1235U - (16 GB/512 GB SSD/Windows 11 H",74990,50990,32,55,6,16,512,1
Acer Swift Neo OLED AI PC Intel Core Ultra 5 115U - (16 GB/512 GB SSD/Windows 11 Home) SFN14-54H Thin ,99999,54990,45,295,39,16,512,1
CHUWI Intel Celeron Dual Core 11th Gen N4020 - (8 GB/256 GB SSD/Windows 11 Home) HeroBook Pro Laptop,34990,17990,48,1711,204,8,8,1
Acer Aspire 3 Intel Core i3 13th Gen - (8 GB/256 GB SSD/Windows 11 Home) A324-53 Thin and Light Laptop,39990,27990,30,2166,163,8,256,1
ASUS Vivobook Go 14 (2025) with Office 2024 + M365 Basic* AMD Ryzen 3 Quad Core 7320U - (8 GB/512 GB S,43990,33990,22,2579,246,8,512,1
MSI Thin 15 Intel Core i5 13th Gen 13420H - (16 GB/512 GB SSD/Windows 11 Home/6 GB Graphics/NVIDIA GeF,80990,66990,17,14,0,16,512,2
DELL 15 AMD Ryzen 5 Hexa Core 7530U - (16 GB/512 GB SSD/Windows 11 Home) 0IN3535100801RINS1O / ODC1525,56919,42490,25,540,36,16,512,1
HP G9 Intel Core i3 13th Gen 1315U Turbo Boost with Finger Print - (16 GB/512 GB SSD/Windows 11 Pro) 2,49999,35927,28,290,28,16,512,
HP Victus Intel Core i5 12th Gen 12450H - (8 GB/512 GB SSD/Windows 11 Home/Intel Integrated NVIDIAÂ® Ge,78990,54990,30,4,1,8,512,
ASUS Vivobook Go 15 (2025) with Office 2024 + M365 Basic* Intel Core i3 N305 - (8 GB/512 GB SSD/Window,43990,30990,29,278,23,8,512,1
Primebook 4G Android based MediaTek MT8788 - (4 GB/64 GB EMMC Storage/Prime OS) 4G Thin and Light Lapt,23990,16490,31,17,8,4,512,1
ASUS Vivobook 15 Intel Core i3 13th Gen 1315U - (8 GB/512 GB SSD/Windows 11 Home) X1504VA-NJ320WS Thin,57999,33900,41,947,74,8,512,
ASUS Vivobook 15 Intel Core i5 13th Gen 1334U - (16 GB/512 GB SSD/Windows 11 Home) X1504VA-NJ2217WS Th,70990,55990,21,522,28,16,512,1
HP 15s Intel Core i3 12th Gen 1215U - (8 GB/512 GB SSD/Windows 11 Home) 15s-fy5003TU Thin and Light La,51266,34490,32,6335,372,8,512,1
Infinix X3 Slim Intel Intel Core i7 12th Gen 1255U - (16 GB/512 GB SSD/Windows 11 Home) XL422 Thin and,69990,39990,42,174,17,16,512,1
HP AMD Ryzen 5 Hexa Core - (16 GB/512 GB SSD/Windows 11 Home) 15S-EQ2305AU Laptop,56000,43499,22,6,0,16,512,1
GIGABYTE G5 MF5-H2IN353KH Intel Core i7 13th Gen G Series - (16 GB/512 GB SSD/Windows 11 Home/6 GB Gra,152000,72990,51,5,0,16,512,
DELL Inspiron Intel Core i5 12th Gen Core i5 - (8 GB/512 GB SSD/Windows 11 Home) 3520 Laptop,65104,49990,23,83,4,8,512,1
Acer Aspire 15 AMD Ryzen 5 Hexa Core 7430U - (16 GB/512 GB SSD/Windows 11 Home) Aspire AS15-42 Thin an,59990,38990,35,1928,236,16,512,1
MOTOROLA Motobook 60 Full Metal OLED (i5 14th Gen) Intel Core 5 (Series 2) 210H - (16 GB/512 GB SSD/Wi,93690,59990,35,435,52,16,512,1
ASUS Vivobook 16X (2025) with Office 2024 + M365 Basic* Intel Core i5 13th Gen 13420H - (16 GB/512 GB ,89990,70990,21,344,21,16,512,1
CHUWI Intel Celeron Quad Core 12th Gen N100 - (8 GB/256 GB SSD/Windows 11 Home) GemiBook X_Pro Laptop,34990,22990,34,761,135,8,256,1
HP Intel Core i3 12th Gen - (8 GB/512 GB SSD/Windows 11 Home) 15s-fq5185TU Laptop,46699,35990,22,81,4,8,512,1
Acer Swift Neo OLED AI PC Intel Core Ultra 5 115U - (16 GB/512 GB SSD/Windows 11 Home) SFN14-54H Thin ,99999,54990,45,295,39,16,512,1
CHUWI Intel Celeron Dual Core 11th Gen N4020 - (8 GB/256 GB SSD/Windows 11 Home) HeroBook Pro Laptop,34990,17990,48,1711,204,8,8,1
DELL Inspiron MSO '2024 Intel Core i3 13th Gen 1305U - (8 GB/512 GB SSD/Windows 11 Home) Inspiron 3530,48900,36990,24,253,15,8,512,
Infinix ZEROBOOK 13 Intel Intel Core i9 13th Gen 13900H - (32 GB/1 TB SSD/Windows 11 Home) ZL513 Thin ,,149900,,1326,180,32,,1
"DELL Inspiron 15 with Backlit Keyboard, Intel Core i5 12th Gen 1235U - (8 GB/512 GB SSD/Windows 11 Hom",65973,47990,27,1250,78,8,512,
HP G10 AMD Ryzen 3 Quad Core 7320U - (16 GB/512 GB SSD/Windows 11 Home) 255 G10 Thin and Light Laptop,41500,28999,30,174,13,16,512,1
MSI Thin 15 Intel Core i5 12th Gen 12450H - (16 GB/512 GB SSD/Windows 11 Home/4 GB Graphics/NVIDIA GeF,75990,64990,14,710,65,16,512,2
Infinix ZERO BOOK Series Intel Core i5 12th Gen 12500H - (16 GB/512 GB SSD/Windows 11 Home) ZL12 Busin,,79990,,132,23,16,512,1
"DELL 14 Next Gen AI PC Backlit Keyboard, Fingerprint reader Intel Core Ultra 5 226V - (16 GB/512 GB SS",102656,84990,17,3,0,16,512,1
MSI Thin 15 Intel Core i5 13th Gen 13420H - (16 GB/512 GB SSD/Windows 11 Home/6 GB Graphics/NVIDIA GeF,80990,66990,17,14,0,16,512,2
Lenovo IdeaPad Slim 1 AMD Ryzen 3 Quad Core 7320U - (8 GB/512 GB SSD/Windows 11 Home) 15AMN7 Thin and ,52890,31500,40,403,23,8,512,2
Acer Aspire Lite AMD Ryzen 3 Quad Core 5300U - (16 GB/512 GB SSD/Windows 11 Home) AL15-41 Thin and Lig,52990,30490,42,80,12,16,512,1
Acer Aspire Lite Intel Core i5 12th Gen 1235U - (16 GB/512 GB SSD/Windows 11 Home) AL15-52 Thin and Li,64990,48990,24,254,13,16,512,1
MSI Modern 15 Intel Core i5 12th Gen 1235U - (8 GB/512 GB SSD/Windows 11 Home) Modern 15 B12MO-818IN T,54990,38990,29,1896,181,8,512,1
Lenovo V14 Intel Core i5 12th Gen 1235U - (16 GB/512 GB SSD/Windows 11 Home) V 14 Thin and Light Lapto,47990,42999,10,1095,75,16,512,1
Lenovo Ideapad Intel Core i5 12th Gen 12450H - (16 GB/512 GB SSD/Windows 11 Home/4 GB Graphics) 15IAH8,75000,50980,32,95,6,16,512,
ASUS Vivobook 15 (2025) with Office 2024 + M365 Basic* (i5 14th Gen) Intel Core 5 120U - (16 GB/512 GB,64990,57990,10,4,0,16,512,1
DELL Inspiron 5440 (2025) Intel Core i3 13th Gen 1305U - (16 GB/512 GB SSD/Windows 11 Pro) Inspiron 54,70990,36990,47,,,16,512,
Lenovo IdeaPad 1 15IGL7 Intel Celeron Dual Core N4020 - (8 GB/512 GB SSD/Windows 11 Home) IdeaPad 1 15,39990,25890,35,6,0,8,512,1
Lenovo LOQ Essential Intel Core i5 12th Gen 12450HX - (12 GB/512 GB SSD/Windows 11 Home/4 GB Graphics/,77390,54990,28,45,6,12,512,1
ASUS Vivobook Go 14 (2025) with Office 2024 + M365 Basic* AMD Ryzen 3 Quad Core 7320U - (8 GB/512 GB S,43990,33990,22,2579,246,8,512,1
Lenovo IdeaPad Slim 5 WUXGA IPS AI PC Intel Core Ultra 5 125H - (16 GB/512 GB SSD/Windows 11 Home) 14I,96000,88999,7,456,55,16,512,
Acer Aspire 15 AMD Ryzen 5 Hexa Core 7430U - (16 GB/512 GB SSD/Windows 11 Home) Aspire AS15-42 Thin an,59990,38990,35,1928,236,16,512,1
MOTOROLA Motobook 60 Full Metal OLED (i5 14th Gen) Intel Core 5 (Series 2) 210H - (16 GB/512 GB SSD/Wi,93690,59990,35,435,52,16,512,1
ASUS Expertbook P1 Intel Core i3 13th Gen 1315U - (8 GB/512 GB SSD/Windows 11 Home) P1403CVA-S60343WS ,69990,34990,50,958,99,8,512,1
ASUS Vivobook Go 15 Intel Celeron Dual Core N4500 - (8 GB/512 GB SSD/Windows 11 Home) E510KA-EJ9011WS ,35990,25890,28,1278,112,8,512,1
HP AMD Ryzen 5 Hexa Core 5500U - (16 GB/512 GB SSD/Windows 11 Home) 15s- eq2182AU Thin and Light Lapto,59109,45490,23,3700,268,16,512,1
Acer Aspire 7 Intel Core i5 12th Gen 12450H - (16 GB/512 GB SSD/Windows 11 Home/4 GB Graphics/NVIDIA G,84999,54990,35,2646,211,16,512,1
Acer Swift Neo OLED AI PC Intel Core Ultra 5 115U - (16 GB/512 GB SSD/Windows 11 Home) SFN14-54H Thin ,99999,54990,45,295,39,16,512,1
MOTOROLA Motobook 60 Full Metal OLED (i7 14th Gen) Intel Core 7 (Series 2) 240H - (16 GB/512 GB SSD/Wi,104890,67990,35,233,34,16,512,1
HP 15R (2025) Intel Core i3 13th Gen 1315U - (8 GB/512 GB SSD/Windows 11 Pro) 15R G9 Thin and Light La,74990,33990,54,126,9,8,512,1
ASUS Vivobook Go 15 OLED AMD Ryzen 3 Quad Core 7320U - (8 GB/512 GB SSD/Windows 11 Home) E1504FA-LK322,61990,41990,32,4247,461,8,512,1
Infinix ZERO BOOK ULTRA Series Laptop Intel Intel Core i9 12th Gen 12900H - (16 GB/512 GB SSD/Windows ,,129990,,66,12,16,512,1
CHUWI Intel Celeron Dual Core 11th Gen N4020 - (8 GB/256 GB SSD/Windows 11 Home) HeroBook Pro Laptop,34990,17990,48,1711,204,8,8,1
MOTOROLA Motobook 60 Full Metal OLED (i7 14th Gen) Intel Core 7 (Series 2) 240H - (16 GB/1 TB SSD/Wind,110490,71990,34,233,34,16,,1
DELL Inspiron 5440 Intel Core i5 13th Gen 1334U - (16 GB/1 TB SSD/Windows 11 Home) Inspiron 5440 Thin ,80699,66990,16,5,0,16,,
HP 250R G9 (2024) Intel Core i3 13th Gen Intel Core i3 - 1315U (13th Gen) - (8 GB/512 GB SSD/Windows 1,44990,33990,24,60,1,8,512,1
DELL G15 Intel Core i7 13th Gen 13650HX - (16 GB/512 GB SSD/Windows 11 Home/6 GB Graphics/NVIDIA GeFor,107573,90490,15,14,1,16,512,
Colorful P15 Intel Core i5 12th Gen 12450H - (16 GB/512 GB SSD/Windows 11 Home/6 GB Graphics/NVIDIA Ge,99999,59990,40,239,45,16,512,2
MOTOROLA Motobook 60 Full Metal OLED (i7 14th Gen) Intel Core 7 (Series 2) 240H - (16 GB/512 GB SSD/Wi,104890,67990,35,233,34,16,512,1
Primebook 4G Android based MediaTek MT8788 - (4 GB/64 GB EMMC Storage/Prime OS) 4G Thin and Light Lapt,23990,16490,31,17,8,4,,1
Acer Aspire 15 Metal Body (i5 14th Gen) Intel Core 5 120U - (16 GB/512 GB SSD/Windows 11 Home) A15-51M,74999,45990,38,14,3,16,512,1
ASUS Vivobook Go 15 (2025) with Office 2024 + M365 Basic* Intel Core i3 N305 - (8 GB/512 GB SSD/Window,43990,30990,29,278,23,8,512,1
ASUS Vivobook 15 Intel Core i5 13th Gen 1334U - (8 GB/512 GB SSD/Windows 11 Home) X1504VA-NJ1766WS Thi,68990,59900,13,522,28,8,512,1
CHUWI Intel Celeron Quad Core 12th Gen N100 - (8 GB/256 GB SSD/Windows 11 Home) GemiBook X_Pro Laptop,34990,22990,34,761,135,8,256,1
ASUS Vivobook Go 15 OLED AMD Ryzen 5 Quad Core 7520U - (8 GB/512 GB SSD/Windows 11 Home) E1504FA-LK521,74990,46990,37,2899,239,8,512,1
HP 15 G9 (2025) AMD Ryzen 3 Dual Core 3250U - (16 GB/512 GB SSD/Windows 11 Pro) 15 G9 Thin and Light L,51990,30990,40,172,10,16,512,1
HP AMD Ryzen 5 Hexa Core 5500U - (8 GB/512 GB SSD/Windows 11 Home) 15s- eq2223AU Thin and Light Laptop,50671,36990,26,1178,77,8,512,1
ASUS Intel Pentium Gold 7505 - (8 GB/256 GB SSD/Windows 11 Home) X1500EA-EJ111WS Laptop,39990,25990,35,121,9,8,256,1
MSI Modern 14 AMD Ryzen 5 Hexa Core 7530U - (16 GB/512 GB SSD/Windows 11 Home) Modern 14 C7M-062IN Thi,64990,38990,40,3224,348,16,512,1
Acer Aspire 15 AMD Ryzen 5 Hexa Core 7430U - (16 GB/512 GB SSD/Windows 11 Home) Aspire AS15-42 Thin an,59990,38990,35,1928,236,16,512,1
MOTOROLA Motobook 60 Full Metal OLED (i5 14th Gen) Intel Core 5 (Series 2) 210H - (16 GB/512 GB SSD/Wi,93690,59990,35,435,52,16,512,1
ASUS X1502ZA Intel Core i5 12th Gen 1235U - (8 GB/512 GB SSD/Windows 11 Home) X1502ZA-EJ532WS Laptop,70990,44990,36,22,3,8,512,
Acer Aspire 15 AMD Ryzen 5 Hexa Core 7430U - (16 GB/512 GB SSD/Windows 11 Home) Aspire AS15-42 Thin an,59990,38990,35,1928,236,16,512,1
ASUS Vivobook Go 15 OLED AMD Ryzen 3 Quad Core 7320U - (8 GB/512 GB SSD/Windows 11 Home) E1504FA-LK321,61990,41990,32,4247,461,8,512,1
Acer Swift Neo OLED AI PC Intel Core Ultra 5 115U - (16 GB/512 GB SSD/Windows 11 Home) SFN14-54H Thin ,99999,54990,45,295,39,16,512,1
MOTOROLA Motobook 60 Full Metal OLED (i7 14th Gen) Intel Core 7 (Series 2) 240H - (16 GB/512 GB SSD/Wi,104890,67990,35,233,34,16,512,1
ASUS Vivobook Go 15 OLED AMD Ryzen 3 Quad Core 7320U - (8 GB/512 GB SSD/Windows 11 Home) E1504FA-LK323,61990,41990,32,4247,461,8,512,1
DELL Latitude 3440 (2025) Intel Core i3 12th Gen 1215U - (16 GB/512 GB SSD/Windows 11 Home) Latitude 3,62990,34990,44,28,1,16,512,1
DELL Latitude 3540 (2025) Intel Core i3 12th Gen 1215U - (16 GB/512 GB SSD/Windows 11 Home) Latitude 3,70990,36990,47,103,10,16,512,1
Apple MacBook AIR Apple M2 - (16 GB/256 GB SSD/macOS Sequoia) MC7X4HN/A,85900,77990,9,20475,1251,16,256,1
CHUWI Intel Celeron Dual Core 11th Gen N4020 - (8 GB/256 GB SSD/Windows 11 Home) HeroBook Pro Laptop,34990,17990,48,1711,204,8,8,1
MOTOROLA Motobook 60 Full Metal OLED (i7 14th Gen) Intel Core 7 (Series 2) 240H - (16 GB/1 TB SSD/Wind,110490,71990,34,233,34,16,,1
Apple MacBook AIR Apple M2 - (8 GB/512 GB SSD/Mac OS Monterey) MLY43HN/A,,109900,,1772,105,8,512,1
MOTOROLA Motobook 60 Full Metal OLED (i5 14th Gen) Intel Core 5 (Series 2) 210H - (16 GB/512 GB SSD/Wi,93690,59990,35,435,52,16,512,1
HP Victus AI 39 TOPS AMD Ryzen 9 Octa Core 8945HS - (16 GB/1 TB SSD/Windows 11 Home/8 GB Graphics/NVID,126589,103799,18,33,2,16,,1
Primebook 4G Android based MediaTek MT8788 - (4 GB/64 GB EMMC Storage/Prime OS) 4G Thin and Light Lapt,23990,16490,31,17,8,4,,1
MOTOROLA Motobook 60 Full Metal OLED (i7 14th Gen) Intel Core 7 (Series 2) 240H - (16 GB/512 GB SSD/Wi,104890,67990,35,233,34,16,512,1
Lenovo Intel Core i7 12th Gen 1255U - (16 GB/512 GB SSD/Windows 11 Home) V15 G3 IAP Thin and Light Lap,90000,51990,42,1559,130,16,512,1
ASUS Vivobook Go 15 OLED AMD Ryzen 3 Quad Core 7320U - (8 GB/512 GB SSD/Windows 11 Home) E1504FA-LK322,61990,41990,32,4247,461,8,512,1
MSI Katana 15 HX Intel Core i7 14th Gen 14650HX - (16 GB/512 GB SSD/Windows 11 Home/8 GB Graphics/NVID,128990,102990,20,6,1,16,512,2
DELL 15 Intel Core i3 12th Gen 1215U - (8 GB/512 GB SSD/Windows 11 Home) 3520 Thin and Light Laptop,44861,32990,26,1050,64,8,512,
CHUWI Intel Celeron Quad Core 12th Gen N100 - (8 GB/256 GB SSD/Windows 11 Home) GemiBook X_Pro Laptop,34990,22990,34,761,135,8,256,1
ASUS Intel Core i9 13th Gen - (16 GB/512 GB SSD/16 GB EMMC Storage/Windows 11 Home/16 GB Graphics) X16,116990,70000,40,,,16,512,
ASUS Vivobook Go 14 (2025) with Office 2024 + M365 Basic* AMD Ryzen 3 Quad Core 7320U - (8 GB/512 GB S,43990,32690,25,2579,246,8,512,1
Samsung Galaxy Book4 Metal Intel Core i5 13th Gen 1335U - (16 GB/512 GB SSD/Windows 11 Home) NP750XGJ-,82789,57990,29,10542,883,16,512,1
HP 14R (2025) Intel Core i3 13th Gen 1315U - (16 GB/512 GB SSD/Windows 11 Pro) 14R G9 Thin and Light L,82990,35400,57,29,3,16,512,1
Acer Aspire 15 AMD Ryzen 5 Hexa Core 7430U - (16 GB/512 GB SSD/Windows 11 Home) Aspire AS15-42 Thin an,59990,38990,35,1928,236,16,512,1
MOTOROLA Motobook 60 Full Metal OLED (i5 14th Gen) Intel Core 5 (Series 2) 210H - (16 GB/512 GB SSD/Wi,93690,59990,35,435,52,16,512,1
HP 255 G9 AMD Ryzen 3 Dual Core 3250 - (8 GB/512 GB SSD/Windows 11 Home) 255 G8 Thin and Light Laptop,44911,27999,37,1533,109,8,512,
ZEBRONICS Pro Series Z Intel Core i7 12th Gen 1255U - (16 GB/512 GB SSD/Windows 11 Home) ZEB-NBC 5S Th,78999,36990,53,190,12,16,512,1
Lenovo IdeaPad 1 Intel Celeron Dual Core N4500 - (8 GB/512 GB SSD/Windows 11 Home) IdeaPad 1 15IJL7 Th,36590,25990,28,,,8,512,1
MSI Modern 14 Intel Core i5 12th Gen 1235U - (16 GB/512 GB SSD/Windows 11 Home) Modern 14 C12MO-1212IN,52990,40990,22,299,29,16,512,1
Acer Swift Neo OLED AI PC Intel Core Ultra 5 115U - (16 GB/512 GB SSD/Windows 11 Home) SFN14-54H Thin ,99999,54990,45,295,39,16,512,1
MOTOROLA Motobook 60 Full Metal OLED (i7 14th Gen) Intel Core 7 (Series 2) 240H - (16 GB/512 GB SSD/Wi,104890,67990,35,233,34,16,512,1
Colorful P15 Intel Core i7 13th Gen 13620H - (16 GB/512 GB SSD/Windows 11 Home/8 GB Graphics/NVIDIA Ge,139999,89990,35,66,11,16,512,2
Acer Aspire 3 Intel Celeron Dual Core - (8 GB/128 GB SSD/Windows 11 Home) A311-45 Thin and Light Lapto,32990,14990,54,2104,213,8,128,1
ASUS Vivobook 15 Intel Core i5 13th Gen 1335U - (16 GB/512 GB SSD/Windows 11 Home) X1504VA-NJ540WS | X,79990,48199,39,522,28,16,512,1
ASUS Vivobook Go 15 AMD Ryzen 5 Quad Core 7520U - (8 GB/512 GB SSD/Windows 11 Home) E1504FA-NJ133WS | ,50990,35990,29,1253,83,8,512,1
CHUWI Intel Celeron Dual Core 11th Gen N4020 - (8 GB/256 GB SSD/Windows 11 Home) HeroBook Pro Laptop,34990,17990,48,1711,204,8,8,1
MOTOROLA Motobook 60 Full Metal OLED (i7 14th Gen) Intel Core 7 (Series 2) 240H - (16 GB/1 TB SSD/Wind,110490,71990,34,233,34,16,,1
"ASUS Vivobook S14 (2025) with Office 2024 + M365 Basic*, Metallic Design, Copilot+ PC Qualcomm Snapdra",92990,74990,19,29,1,16,512,1
ASUS Vivobook Go 15 AMD Ryzen 5 Quad Core 7520U - (8 GB/512 GB SSD/Windows 11 Home) E1504FA-NJ132WS | ,50990,35800,29,1645,103,8,512,1
"ASUS Vivobook S15 OLED Powered Copilot + PC, AI PC, Full Metal Body, Snapdragon X Plus - (16 GB/1 TB S",128990,73999,42,30,3,16,,1
ASUS Vivobook Go 15 AMD Ryzen 3 Quad Core 7320U - (8 GB/512 GB SSD/Windows 11 Home) E1504FA-NJ322WS Th,50990,29790,41,2579,246,8,512,1
Primebook 4G Android based MediaTek MT8788 - (4 GB/64 GB EMMC Storage/Prime OS) 4G Thin and Light Lapt,23990,16490,31,17,8,4,,1
MOTOROLA Motobook 60 Full Metal OLED (i7 14th Gen) Intel Core 7 (Series 2) 240H - (16 GB/512 GB SSD/Wi,104890,67990,35,233,34,16,512,1
"DELL Inspiron 15 with Backlit Keyboard, Intel Core i5 13th Gen 1334U - (16 GB/512 GB SSD/Windows 11 Ho",73163,52490,28,814,43,16,512,
Acer Swift Neo OLED AI PC Intel Core Ultra 5 115U - (16 GB/512 GB SSD/Windows 11 Home) SFN14-54H Thin ,99999,54990,45,295,39,16,512,1
MSI Modern 15 Intel Core i7 12th Gen 1255U - (16 GB/512 GB SSD/Windows 11 Home) Modern 15 B12MO-816IN ,66990,51990,22,200,22,16,512,1
CHUWI Intel Celeron Quad Core 12th Gen N100 - (8 GB/256 GB SSD/Windows 11 Home) GemiBook X_Pro Laptop,34990,22990,34,761,135,8,256,1
MSI Modern 14 AMD Ryzen 5 Hexa Core 7530U - (8 GB/512 GB SSD/Windows 11 Home) Modern 14 C7M-063IN Thin,61990,38990,37,3224,348,8,512,1
Apple MacBook Air Apple M3 - (8 GB/256 GB SSD/macOS Sonoma) MRXT3HN/A,,114900,,616,41,8,256,1
Apple MacBook Air Apple M3 - (8 GB/512 GB SSD/macOS Sonoma) MRYT3HN/A,,144900,,388,22,8,512,1
HP Victus AI 31 TOPS AMD Ryzen 5 Hexa Core 8645HS - (16 GB/512 GB SSD/Windows 11 Home/4 GB Graphics/NV,73930,60990,17,207,24,16,512,1
ASUS Vivobook 15 Intel Core i5 13th Gen 1335U - (8 GB/512 GB SSD/Windows 11 Home) X1504VA-NJ524WS Thin,74990,45690,39,5,1,8,512,1
Acer Aspire 15 AMD Ryzen 5 Hexa Core 7430U - (16 GB/512 GB SSD/Windows 11 Home) Aspire AS15-42 Thin an,59990,38990,35,1928,236,16,512,1
MOTOROLA Motobook 60 Full Metal OLED (i5 14th Gen) Intel Core 5 (Series 2) 210H - (16 GB/512 GB SSD/Wi,93690,59990,35,435,52,16,512,1
DELL 15 Intel Core i7 13th Gen 1355U - (16 GB/512 GB SSD/Windows 11 Home) 3530 Thin and Light Laptop,86927,67999,21,182,12,16,512,
MOTOROLA Motobook 60 Full Metal OLED (i7 14th Gen) Intel Core 7 (Series 2) 240H - (16 GB/512 GB SSD/Wi,104890,67990,35,233,34,16,512,1
Lenovo IdeaPad Slim 1 AMD Ryzen 5 Hexa Core 5500U - (16 GB/512 GB SSD/Windows 11 Home) 15ALC7 Thin and,61990,39650,36,6578,552,16,512,1
Acer Swift Neo OLED AI PC Intel Core Ultra 5 115U - (16 GB/512 GB SSD/Windows 11 Home) SFN14-54H Thin ,99999,54990,45,295,39,16,512,1
MOTOROLA Motobook 60 Full Metal OLED (i7 14th Gen) Intel Core 7 (Series 2) 240H - (16 GB/512 GB SSD/Wi,104890,67990,35,233,34,16,512,1
ASUS Vivobook Go 15 AMD Ryzen 3 Quad Core 7320U - (8 GB/512 GB SSD/Windows 11 Home) E1504FA-NJ321WS Th,50990,30990,39,3097,287,8,512,1
Acer Aspire 3 Spin 14 Intel Core i3 13th Gen N305 - (8 GB/512 GB SSD/Windows 11 Home) A3SP14-31PT-3554,55999,44990,19,106,8,8,512,1
Acer Swift Neo OLED AI PC Intel Core Ultra 5 115U - (16 GB/512 GB SSD/Windows 11 Home) SFN14-54H Thin ,99999,59990,40,295,39,16,512,1
Infinix ZERO BOOK Series Laptop Intel Intel Core i7 12th Gen 12700H - (16 GB/512 GB SSD/Windows 11 Hom,,99990,,28,6,16,512,1
CHUWI Intel Celeron Dual Core 11th Gen N4020 - (8 GB/256 GB SSD/Windows 11 Home) HeroBook Pro Laptop,34990,17990,48,1711,204,8,8,1
MOTOROLA Motobook 60 Full Metal OLED (i7 14th Gen) Intel Core 7 (Series 2) 240H - (16 GB/1 TB SSD/Wind,110490,71990,34,233,34,16,,1
Lenovo V14 Intel Core i5 12th Gen 1235U - (8 GB/512 GB SSD/Windows 11 Home) V14 ITL G2 Thin and Light ,66990,41490,38,1095,75,8,512,
Acer Aspire Lite AMD Ryzen 5 Hexa Core 5625U - (16 GB/512 GB SSD/Windows 11 Home) AL15-41 Thin and Lig,59990,34990,41,1545,133,16,512,1
DELL 15 Intel Core i5 12th Gen 1235U - (16 GB/512 GB SSD/Windows 11 Home) 3520 Thin and Light Laptop,69131,48490,29,477,22,16,512,1
Primebook 4G Android based MediaTek MT8788 - (4 GB/64 GB EMMC Storage/Prime OS) 4G Thin and Light Lapt,23990,16490,31,17,8,4,,1
MOTOROLA Motobook 60 Full Metal OLED (i7 14th Gen) Intel Core 7 (Series 2) 240H - (16 GB/512 GB SSD/Wi,104890,67990,35,233,34,16,512,1
Thomson NEO Core Series Intel Core i3 12th Gen 1215U - (8 GB/512 GB SSD/Windows 11 Home) IN-N15I Thin ,,44990,,151,34,8,512,
Acer Aspire 3 Intel Core i5 12th Gen 1235U - (8 GB/512 GB SSD/Windows 11 Home) A315-59-50CP Thin and L,65990,42100,36,817,60,8,512,1
Lenovo IdeaPad Slim 3 Intel Core i3 12th Gen 1215U - (8 GB/512 GB SSD/Windows 11 Home) 15IAU7 Thin and,58890,33490,43,1850,101,8,512,
Apple Apple M3 - (16 GB/256 GB SSD/macOS Sequoia) MC8J4HN/A,,114900,,616,41,16,256,1
Acer Aspire 15 AMD Ryzen 5 Hexa Core 7430U - (16 GB/512 GB SSD/Windows 11 Home) Aspire AS15-42 Thin an,59990,38990,35,1928,236,16,512,1
MOTOROLA Motobook 60 Full Metal OLED (i5 14th Gen) Intel Core 5 (Series 2) 210H - (16 GB/512 GB SSD/Wi,93690,59990,35,435,52,16,512,1
DELL Intel Core i3 13th Gen 1305U - (8 GB/512 GB SSD/Windows 11 Home) Inspiron 3530 Thin and Light Lap,48827,36490,25,384,31,8,512,
Acer Aspire 3 Intel Celeron Dual Core N4500 - (8 GB/256 GB SSD/Windows 11 Home) A324-45 Thin and Light,29999,21490,28,1211,112,8,256,1
DELL G15 Intel Core i7 13th Gen 13650HX - (16 GB/1 TB SSD/Windows 11 Home/8 GB Graphics/NVIDIA GeForce,138490,121639,12,7,0,16,,
Acer Swift Neo OLED AI PC Intel Core Ultra 5 115U - (16 GB/512 GB SSD/Windows 11 Home) SFN14-54H Thin ,99999,54990,45,295,39,16,512,1
MOTOROLA Motobook 60 Full Metal OLED (i7 14th Gen) Intel Core 7 (Series 2) 240H - (16 GB/512 GB SSD/Wi,104890,67990,35,233,34,16,512,1
HP Pavilion AI PC Intel Core Ultra 7 155U - (16 GB/512 GB SSD/Windows 11 Home) 16-af0028TU Thin and Li,104048,72990,29,20,3,16,512,1
"ASUS Vivobook S14 Flip (2025) with Office 2024 + M365 Basic*, A-Part Metal Body, Intel Core i5 13th Ge",86990,64990,25,56,5,16,512,1
ASUS Vivobook Go 15 AMD Ryzen 5 Quad Core 7520U - (8 GB/512 GB SSD/Windows 11 Home) E1504FA-NJ133WS | ,50990,37990,25,1645,103,8,512,1
Apple MacBook Air Apple M3 - (8 GB/256 GB SSD/macOS Sonoma) MRYR3HN/A,,134900,,388,22,8,256,1
CHUWI Intel Celeron Dual Core 11th Gen N4020 - (8 GB/256 GB SSD/Windows 11 Home) HeroBook Pro Laptop,34990,17990,48,1711,204,8,8,1
MOTOROLA Motobook 60 Full Metal OLED (i7 14th Gen) Intel Core 7 (Series 2) 240H - (16 GB/1 TB SSD/Wind,110490,71990,34,233,34,16,,1
Apple MacBook Air Apple M3 - (16 GB/512 GB SSD/macOS Sonoma) MXCU3HN/A,,134900,,388,22,16,512,1
ASUS Vivobook Go 15 OLED AMD Ryzen 3 Quad Core 7320U - (8 GB/512 GB SSD/Windows 11 Home) E1504FA-LK321,61990,41990,32,4247,461,8,512,1
Apple MacBook Air Apple M3 - (8 GB/512 GB SSD/macOS Sonoma) MRXU3HN/A,,134900,,388,22,8,512,1
Primebook 4G Android based MediaTek MT8788 - (4 GB/64 GB EMMC Storage/Prime OS) 4G Thin and Light Lapt,23990,16490,31,17,8,4,,1
MOTOROLA Motobook 60 Full Metal OLED (i7 14th Gen) Intel Core 7 (Series 2) 240H - (16 GB/512 GB SSD/Wi,104890,67990,35,233,34,16,512,1
Lenovo IdeaPad Slim 3 Intel Core i5 13th Gen 13420H - (16 GB/512 GB SSD/Windows 11 Home) 15IRH8 Thin a,86590,56399,34,796,49,16,512,
ASUS Vivobook Go 14 AMD Ryzen 3 Quad Core 7320U - (8 GB/512 GB SSD/Windows 11 Home) E1404FA-NK327WS Th,50990,33990,33,1587,150,8,512,1
Infinix ZEROBOOK 13 Intel Intel Core i7 13th Gen 13700H - (32 GB/1 TB SSD/Windows 11 Home) ZL513 Thin ,,119990,,235,45,32,,1
Lenovo IdeaPad Slim 3 Intel Core i5 12th Gen 1235U - (16 GB/512 GB SSD/Windows 11 Home) 15IAU7 Thin an,82490,49775,39,1851,140,16,512,
CHUWI Intel Celeron Quad Core 12th Gen N100 - (8 GB/256 GB SSD/Windows 11 Home) GemiBook X_Pro Laptop,34990,22990,34,761,135,8,256,1
DELL Inspiron 15 MSO'24 with Backlit KB Intel Core i7 13th Gen 1355U - (16 GB/512 GB SSD/Windows 11 Ho,88997,66990,24,20,1,16,512,
MSI Crosshair 16 HX Intel Core i7 14th Gen 14700HX - (32 GB/1 TB SSD/Windows 11 Home/8 GB Graphics/NVI,,193990,,54,6,32,,2
Lenovo AMD Ryzen 7 Octa Core 7730U - (16 GB/512 GB SSD/Windows 11 Home) V15 G4 Thin and Light Laptop,62100,46990,24,339,26,16,512,1
Lenovo Lenovo V15 G3 IAP Intel Core i5 12th Gen 1235U - (16 GB/512 GB SSD/Windows 11 Home) 82TTA07RIH ,92299,58448,36,226,24,16,512,1
Acer Aspire 15 AMD Ryzen 5 Hexa Core 7430U - (16 GB/512 GB SSD/Windows 11 Home) Aspire AS15-42 Thin an,59990,38990,35,1928,236,16,512,1
MOTOROLA Motobook 60 Full Metal OLED (i5 14th Gen) Intel Core 5 (Series 2) 210H - (16 GB/512 GB SSD/Wi,93690,59990,35,435,52,16,512,1
Lenovo IdeaPad Slim 3 Intel Core i3 12th Gen 1215U - (8 GB/256 GB SSD/Windows 11 Home) 15IAU7 Thin and,47000,34499,26,858,67,8,256,
Lenovo ThinkBook 15 G4 Intel Core i5 12th Gen 1235U - (8 GB/512 GB SSD/Windows 11 Home) TB15 G4 IAP Th,,102240,,200,17,8,512,1
Lenovo Chromebook MediaTek Kompanio 520 - (8 GB/128 GB EMMC Storage/Chrome OS) 14M868 Thin and Light L,30790,23650,23,2379,206,8,,1
Lenovo IdeaPad Slim 3 AMD Ryzen 5 Quad Core 7520U - (8 GB/512 GB SSD/Windows 11 Home) 14AMN8 Thin and ,54490,37490,31,224,17,8,512,
Acer Swift Neo OLED AI PC Intel Core Ultra 5 115U - (16 GB/512 GB SSD/Windows 11 Home) SFN14-54H Thin ,99999,54990,45,295,39,16,512,1
MOTOROLA Motobook 60 Full Metal OLED (i7 14th Gen) Intel Core 7 (Series 2) 240H - (16 GB/512 GB SSD/Wi,104890,67990,35,233,34,16,512,1
ASUS Vivobook 15 Intel Core i3 13th Gen 1315U - (8 GB/512 GB SSD/Windows 11 Home) X1504VA-NJ324WS Thin,57990,38900,32,35,2,8,512,1
CHUWI Intel Celeron Dual Core 11th Gen N4020 - (8 GB/256 GB SSD/Windows 11 Home) HeroBook Pro Laptop,34990,17990,48,1711,204,8,8,1
HP Victus Intel Core i5 14th Gen 14450HX - (16 GB/512 GB SSD/Windows 11 Home/6 GB Graphics/NVIDIA GeFo,109078,85990,21,48,6,16,512,1
CHUWI Intel Celeron Dual Core 11th Gen N4020 - (8 GB/256 GB SSD/Windows 11 Home) HeroBook Pro Laptop,34990,17990,48,1711,204,8,8,1
MOTOROLA Motobook 60 Full Metal OLED (i7 14th Gen) Intel Core 7 (Series 2) 240H - (16 GB/1 TB SSD/Wind,110490,71990,34,233,34,16,,1
DELL Inspiron MSO 2024 Intel Core i5 13th Gen 1334U - (16 GB/512 GB SSD/Windows 11 Home) Inspiron 3530,74109,52990,28,262,14,16,512,
HP AMD Ryzen 5 Hexa Core 7535HS - (8 GB/512 GB SSD/Windows 11 Home) 15-fc1004AU Thin and Light Laptop,54552,41790,23,29,3,8,512,1
Acer Aspire 3 Intel Core i3 12th Gen 1215U - (8 GB/512 GB SSD/Windows 11 Home) Aspire 3 Laptop,39990,32490,18,29,0,8,512,1
HP Pavilion Intel Core i5 12th Gen 1235U - (16 GB/512 GB SSD/Windows 11 Home) 14-dv2014TU Thin and Lig,73688,64500,12,2395,171,16,512,1
Primebook 4G Android based MediaTek MT8788 - (4 GB/64 GB EMMC Storage/Prime OS) 4G Thin and Light Lapt,23990,16490,31,17,8,4,,1
MOTOROLA Motobook 60 Full Metal OLED (i7 14th Gen) Intel Core 7 (Series 2) 240H - (16 GB/512 GB SSD/Wi,104890,67990,35,233,34,16,512,1
HP Pavilion AI PC Intel Core Ultra 5 125U - (16 GB/512 GB SSD/Windows 11 Home) 16-af0015TU Thin and Li,89356,65990,26,288,23,16,512,1
MOTOROLA Motobook 60 Full Metal OLED (i7 14th Gen) Intel Core 7 (Series 2) 240H - (16 GB/1 TB SSD/Wind,110490,71990,34,233,34,16,,1
HP OMEN Intel Core i7 14th Gen 14650HX - (16 GB/1 TB SSD/Windows 11 Home/8 GB Graphics/NVIDIA GeForce ,157945,119990,24,235,15,16,,1
CHUWI Intel Celeron Quad Core 12th Gen N100 - (8 GB/256 GB SSD/Windows 11 Home) GemiBook X_Pro Laptop,34990,22990,34,761,135,8,256,1
HP AMD Ryzen 5 Hexa Core 5600H - (8 GB/512 GB SSD/Windows 11 Home/AMD Radeon AMD) 15-fb0153AX Gaming L,70302,54999,21,5,0,8,512,1
"DELL Inspiron 15 with Backlit Keyboard, Intel Core i5 13th Gen 1334U - (8 GB/512 GB SSD/Windows 11 Hom",66472,48890,26,814,43,8,512,
ASUS Vivobook 15 Intel Core i5 12th Gen 1235U - (16 GB/512 GB SSD/Windows 11 Home) X1504ZA-NJ549WS Thi,73990,45990,37,8310,475,16,512,1
DELL Inspiron AMD Ryzen 5 Quad Core 3450U - (8 GB/256 GB SSD/Windows 10) Inspiron 3505 Laptop,,45870,,316,48,8,256,1
"DELL Inspiron 15 with Backlit Keyboard, Intel Core i5 12th Gen 1235U - (8 GB/512 GB SSD/Windows 11 Hom",65973,47990,27,372,19,8,512,
Acer Aspire 15 AMD Ryzen 5 Hexa Core 7430U - (16 GB/512 GB SSD/Windows 11 Home) Aspire AS15-42 Thin an,59990,38990,35,1928,236,16,512,1
MOTOROLA Motobook 60 Full Metal OLED (i5 14th Gen) Intel Core 5 (Series 2) 210H - (16 GB/512 GB SSD/Wi,93690,59990,35,435,52,16,512,1
Lenovo IdeaPad Slim 5 Intel Core i5 12th Gen - (16 GB/512 GB SSD/Windows 11 Home) 16IAH8 Laptop,83890,57990,30,3,0,16,512,
HP AMD Ryzen 5 Quad Core 7520U - (16 GB/512 GB SSD/Windows 11 Home) 15-fc0156AU Thin and Light Laptop,56831,42990,24,211,15,16,512,1
ASUS ROG Strix G16 Intel Core i7 13th Gen 13650HX - (16 GB/1 TB SSD/Windows 11 Home/6 GB Graphics/NVID,153990,122990,20,143,12,16,,1
Acer Swift Neo OLED AI PC Intel Core Ultra 5 115U - (16 GB/512 GB SSD/Windows 11 Home) SFN14-54H Thin ,99999,54990,45,295,39,16,512,1
MOTOROLA Motobook 60 Full Metal OLED (i7 14th Gen) Intel Core 7 (Series 2) 240H - (16 GB/512 GB SSD/Wi,104890,67990,35,233,34,16,512,1
HP AMD Athlon Dual Core - (8 GB/256 GB SSD/DOS) 255 G10 Laptop,32916,23999,27,,,8,256,1
Lenovo V15 Intel Core i3 12th Gen 1215U - (8 GB/512 GB SSD/Windows 11 Home) V15 G3 IAP Thin and Light ,59990,31940,46,578,29,8,512,1
ASUS Expertbook P5 full metal AI PC Intel Core Ultra 5 226V - (16 GB/1 TB SSD/Windows 11 Home) P5405CS,179990,86990,51,25,3,16,,1
HP Intel Core i3 11th Gen - (8 GB/512 GB SSD/Windows 11 Home) 15s-FR2508TU Laptop,54999,35990,34,10,0,8,512,1
CHUWI Intel Celeron Dual Core 11th Gen N4020 - (8 GB/256 GB SSD/Windows 11 Home) HeroBook Pro Laptop,34990,17990,48,1711,204,8,8,1
MOTOROLA Motobook 60 Full Metal OLED (i7 14th Gen) Intel Core 7 (Series 2) 240H - (16 GB/1 TB SSD/Wind,110490,71990,34,233,34,16,,1
Infinix X Air Pro+ Intel Core i5 13th Gen 1334U - (16 GB/512 GB SSD/Windows 11 Home) XL434 Thin and Li,69990,49990,28,59,8,16,512,1
ASUS Expertbook P1 Intel Core i5 13th Gen 13420H - (16 GB/512 GB SSD/Windows 11 Home) P1503CVA-S70611W,89990,48990,45,862,79,16,512,1
Acer Aspire 3 Intel Core i3 13th Gen 1305U - (8 GB/512 GB SSD/Windows 11 Home) A324-53 Thin and Light ,49999,30850,38,2166,163,8,512,1
ASUS Intel Core i5 12th Gen - (8 GB/512 GB SSD/Windows 11 Home) X1502ZA-EJ531WS Laptop,70990,51990,26,,,8,512,
Primebook 4G Android based MediaTek MT8788 - (4 GB/64 GB EMMC Storage/Prime OS) 4G Thin and Light Lapt,23990,16490,31,17,8,4,,1
MOTOROLA Motobook 60 Full Metal OLED (i7 14th Gen) Intel Core 7 (Series 2) 240H - (16 GB/512 GB SSD/Wi,104890,67990,35,233,34,16,512,1
HP (2024) Laptop with Backlit Keyboard Intel Core i5 12th Gen 1235U - (8 GB/512 GB SSD/Windows 11 Home,59327,49499,16,14,2,8,512,1
Lenovo LOQ AMD Ryzen 7 Octa Core 7435HS - (24 GB/512 GB SSD/Windows 11 Home/8 GB Graphics/NVIDIA GeFor,127990,92490,27,411,26,24,512,
Lenovo IdeaPad Slim 3 Intel Core i5 12th Gen 12450H - (16 GB/512 GB SSD/Windows 11 Home) 14IAH8 Thin a,75000,49999,33,2480,127,16,512,1
Ultimus Neo Intel Core i3 10th Gen Neo - (8 GB/256 GB SSD/Windows 11 Home) NU14U3INT54BN-BK Thin and L,35999,22490,37,13,2,8,256,1
CHUWI Intel Celeron Quad Core 12th Gen N100 - (8 GB/256 GB SSD/Windows 11 Home) GemiBook X_Pro Laptop,34990,22990,34,761,135,8,256,1
Lenovo V 15 (2025) Intel Core i3 12th Gen 1215U - (16 GB/512 GB SSD/Windows 11 Pro) V 15 Thin and Ligh,74990,34675,53,43,2,16,512,
DELL Intel Celeron Dual Core - (4 GB/256 GB SSD/4 GB EMMC Storage/Windows 10) 5470 ULTRA SLIM Thin and,38990,19980,48,82,8,4,256,
MOTOROLA Motobook 60 Full Metal OLED (i7 14th Gen) Intel Core 7 (Series 2) 240H - (16 GB/512 GB SSD/Wi,104890,67990,35,233,34,16,512,1
DELL Intel Celeron Quad Core - (8 GB/256 GB SSD/Windows 11 Pro) 5470 Thin and Light Laptop,48990,21990,55,118,9,8,256,
Acer Aspire 15 AMD Ryzen 5 Hexa Core 7430U - (16 GB/512 GB SSD/Windows 11 Home) Aspire AS15-42 Thin an,59990,38990,35,1928,236,16,512,1
MOTOROLA Motobook 60 Full Metal OLED (i5 14th Gen) Intel Core 5 (Series 2) 210H - (16 GB/512 GB SSD/Wi,93690,59990,35,435,52,16,512,1
Colorful Evol P-15 Intel Core i5 12th Gen 12450H - (16 GB/512 GB SSD/Windows 11 Home/4 GB Graphics/NVI,99999,63990,36,117,31,16,512,2
Lenovo V 15 (2025) AMD Ryzen 3 Quad Core 7320U - (8 GB/512 GB SSD/Windows 11 Pro) V 15 Thin and Light ,52990,28990,45,23,1,8,512,1
HP Professional Intel Core i5 13th Gen -1334U Turbo Boost with Finger Print - (16 GB/1 TB SSD/Windows ,66889,57990,13,12,0,16,,
Acer Predator Helios 16 Intel Core i9 14th Gen 14900HX - (32 GB/1 TB SSD/Windows 11 Home/12 GB Graphic,256999,239990,6,14,1,32,,1
Acer Swift Neo OLED AI PC Intel Core Ultra 5 115U - (16 GB/512 GB SSD/Windows 11 Home) SFN14-54H Thin ,99999,54990,45,295,39,16,512,1
MOTOROLA Motobook 60 Full Metal OLED (i7 14th Gen) Intel Core 7 (Series 2) 240H - (16 GB/512 GB SSD/Wi,104890,67990,35,233,34,16,512,1
Lenovo IdeaPad Slim 3 Intel Core 5 120U - (16 GB/512 GB SSD/Windows 11 Home) 15IRU9 Thin and Light Lap,98290,51490,47,10,0,16,512,
Primebook 4G Android based MediaTek MT8788 - (4 GB/64 GB EMMC Storage/Prime OS) 4G Thin and Light Lapt,23990,16490,31,17,8,4,,1
MSI Thin 15 Intel Core i7 13th Gen 13620H - (16 GB/512 GB SSD/Windows 11 Home/4 GB Graphics/NVIDIA GeF,89990,73990,17,22,2,16,512,2
CHUWI Intel Celeron Dual Core 11th Gen N4020 - (8 GB/256 GB SSD/Windows 11 Home) HeroBook Pro Laptop,34990,17990,48,1711,204,8,8,1
MOTOROLA Motobook 60 Full Metal OLED (i7 14th Gen) Intel Core 7 (Series 2) 240H - (16 GB/1 TB SSD/Wind,110490,71990,34,233,34,16,,1
HP Victus Intel Core i5 14th Gen 14450HX - (16 GB/512 GB SSD/Windows 11 Home/6 GB Graphics/NVIDIA GeFo,96958,79990,17,56,7,16,512,1
ASUS Vivobook Go 15 AMD Ryzen 3 Quad Core 7320U - (8 GB/512 GB SSD/Windows 11 Home) E1504FA-NJ130WS | ,44990,33990,24,408,27,8,512,1
Lenovo IdeaPad Slim Intel Core i3 13th Gen 1315U - (8 GB/512 GB SSD/Windows 11 Home) 82X700E0IN Laptop,59900,44900,25,,,8,512,
Lenovo LOQ Essential Intel Core i7 12th Gen 12650HX - (12 GB/512 GB SSD/Windows 11 Home/6 GB Graphics/,95090,76890,19,163,13,12,512,1
"Acer Aspire 14 with Backlit Keyboard, Intel Core i5 13th Gen 13500H - (16 GB/512 GB SSD/Windows 11 Hom",74999,47990,36,,,16,512,1
Primebook 4G Android based MediaTek MT8788 - (4 GB/64 GB EMMC Storage/Prime OS) 4G Thin and Light Lapt,23990,16490,31,17,8,4,,1
"HP Professional 14, Intel Core i5 13th Gen -1334U Turbo Boost with Finger Print and Backlit Keyboard -",66734,57990,13,3,0,32,512,
HP Victus Intel Core i5 13th Gen 13420H - (16 GB/512 GB SSD/Windows 11 Home/6 GB Graphics/NVIDIA GeFor,94534,75990,19,318,19,16,512,1
MSI Sword 16 HX Intel Core i7 14th Gen 14700HX - (16 GB/1 TB SSD/Windows 11 Home/8 GB Graphics/NVIDIA ,151990,134990,11,6,0,16,,2
MOTOROLA Motobook 60 Full Metal OLED (i7 14th Gen) Intel Core 7 (Series 2) 240H - (16 GB/512 GB SSD/Wi,104890,67990,35,233,34,16,512,1
CHUWI Intel Celeron Quad Core 12th Gen N100 - (8 GB/256 GB SSD/Windows 11 Home) GemiBook X_Pro Laptop,34990,22990,34,761,135,8,256,1
MSI Modern 15 Intel Core i5 13th Gen 1335U - (8 GB/512 GB SSD/Windows 11 Home) Modern 15 B13M-291IN Th,64990,43990,32,191,29,8,512,1
DELL Latitude 3440 (2024) Intel Core i3 12th Gen 1215U - (8 GB/512 GB SSD/Windows 11 Pro) Latitude 344,69205,32490,53,164,6,8,512,1
HP 15s Intel Core i5 11th Gen - (8 GB + 32 GB Optane/512 GB SSD/Windows 10 Home) 15s-FQ2071TU Thin and,59452,46779,21,1251,107,8,512,1
MSI Intel Core i3 12th Gen 1215U - (8 GB/512 GB SSD/Windows 11 Home) Modern 14 C12MO-1401IN Business L,47990,30990,35,46,7,8,512,1
Acer Aspire 15 AMD Ryzen 5 Hexa Core 7430U - (16 GB/512 GB SSD/Windows 11 Home) Aspire AS15-42 Thin an,59990,38990,35,1928,236,16,512,1
MOTOROLA Motobook 60 Full Metal OLED (i5 14th Gen) Intel Core 5 (Series 2) 210H - (16 GB/512 GB SSD/Wi,93690,59990,35,435,52,16,512,1
Lenovo LOQ Essential Intel Core i5 12th Gen 12450HX - (16 GB/512 GB SSD/Windows 11 Home/4 GB Graphics/,85290,60990,28,49,3,16,512,1
HP AMD Ryzen 7 Octa Core 5825U - (16 GB/512 GB SSD/Windows 11 Home) 15-fc0476AU Thin and Light Laptop,55691,47990,13,178,13,16,512,1
DELL Latitude Intel Core i3 12th Gen 1215U - (8 GB/512 GB SSD/Windows 11 Pro) Latitude 3440 Business L,54990,33990,38,4,0,8,512,1
Acer Swift Neo OLED AI PC Intel Core Ultra 5 115U - (16 GB/512 GB SSD/Windows 11 Home) SFN14-54H Thin ,99999,54990,45,295,39,16,512,1
MOTOROLA Motobook 60 Full Metal OLED (i7 14th Gen) Intel Core 7 (Series 2) 240H - (16 GB/512 GB SSD/Wi,104890,67990,35,233,34,16,512,1
HP 255 G9 840T7PA AMD Athlon Dual Core 3050U - (4 GB/256 GB SSD/DOS) 255 G8 Thin and Light Laptop,31690,21500,32,1762,131,4,256,1
HP Victus AI Powered AMD Ryzen 7 Octa Core 7840HS - (16 GB/512 GB SSD/Windows 11 Home/6 GB Graphics/NV,96136,85500,11,688,53,16,512,1
Lenovo LOQ Intel Core i5 12th Gen 12450HX - (12 GB/512 GB SSD/Windows 11 Home/4 GB Graphics/NVIDIA GeF,80090,58735,26,1844,130,12,512,
Lenovo IdeaPad Slim 3 AMD Ryzen 7 Octa Core 5825U - (16 GB/512 GB SSD/Windows 11 Home) 15ABR8 Thin and,75490,48490,35,,,16,512,1
CHUWI Intel Celeron Dual Core 11th Gen N4020 - (8 GB/256 GB SSD/Windows 11 Home) HeroBook Pro Laptop,34990,17990,48,1711,204,8,8,1
MOTOROLA Motobook 60 Full Metal OLED (i7 14th Gen) Intel Core 7 (Series 2) 240H - (16 GB/1 TB SSD/Wind,110490,71990,34,233,34,16,,1
HP 14 (2025) Intel Core i3 13th Gen 1315U - (16 GB/512 GB SSD/Windows 11 Pro) 14 Thin and Light Laptop,64990,35090,46,8,1,16,512,1
HP 15 (2024) AMD Ryzen 3 Quad Core 7320U - (8 GB/512 GB SSD/Windows 11 Home) 15-fc0154AU Thin and Ligh,45995,30990,32,2782,215,8,512,1
DELL Inspiron Intel Core i3 11th Gen 1115G4 - (8 GB/1 TB HDD/256 GB SSD/Windows 11 Home) Inspiron 3511,,59839,,2330,260,8,8,1
Primebook 4G Android based MediaTek MT8788 - (4 GB/64 GB EMMC Storage/Prime OS) 4G Thin and Light Lapt,23990,16490,31,17,8,4,,1
MOTOROLA Motobook 60 Full Metal OLED (i7 14th Gen) Intel Core 7 (Series 2) 240H - (16 GB/512 GB SSD/Wi,104890,67990,35,233,34,16,512,1
HP 240 Intel Core i7 13th Gen 1335U Turbo boost technology - (8 GB/512 GB HDD/512 GB SSD/Windows 11 Ho,,,,,,8,512,
Acer One Intel Core i3 11th Gen 1115G4 - (8 GB/512 GB SSD/Windows 11 Home) AO 14 Z 8-415 Thin and Ligh,43999,22990,47,13309,969,8,512,1
ASUS Vivobook 16 (2025) with Office 2024 + M365 Basic* Intel Core i7 13th Gen 13620H - (16 GB/512 GB S,87990,63399,27,5,0,16,512,1
HP 15s AMD Athlon Dual Core 3050U - (8 GB/512 GB SSD/Windows 11 Home) 15s-ey1509AU Thin and Light Lapt,36000,28500,20,3982,292,8,512,1
Acer Aspire 15 AMD Ryzen 5 Hexa Core 7430U - (16 GB/512 GB SSD/Windows 11 Home) Aspire AS15-42 Thin an,59990,38990,35,1928,236,16,512,1
MOTOROLA Motobook 60 Full Metal OLED (i5 14th Gen) Intel Core 5 (Series 2) 210H - (16 GB/512 GB SSD/Wi,93690,59990,35,435,52,16,512,1
MSI Modern 15 Intel Core i5 12th Gen 1235U - (16 GB/512 GB SSD/Windows 11 Home) Modern 15 B12MO Busine,60990,44990,26,50,2,16,512,1
Acer Aspire 3 Backlit Intel Core i5 12th Gen 1235U - (16 GB/512 GB SSD/Windows 11 Home) A324-51 Thin a,53000,34990,33,3084,213,16,512,1
Lenovo Intel Celeron Dual Core - (4 GB/1 TB HDD/DOS) V15-IGL Laptop,40399,27700,31,38,4,4,,1
Acer Swift Neo OLED AI PC Intel Core Ultra 5 115U - (16 GB/512 GB SSD/Windows 11 Home) SFN14-54H Thin ,99999,54990,45,295,39,16,512,1
MOTOROLA Motobook 60 Full Metal OLED (i7 14th Gen) Intel Core 7 (Series 2) 240H - (16 GB/512 GB SSD/Wi,104890,67990,35,233,34,16,512,1
Lenovo IdeaPad Slim 5 WUXGA OLED Copilot+PC Full Metal Body AMD Ryzen AI 7 Octa Core AI 7 350 - (24 GB,125890,84490,32,,,24,,1
Lenovo IdeaPad Slim 3 AMD Ryzen 7 Octa Core 5700U - (16 GB/512 GB SSD/Windows 11 Home) 15ALC6 Thin and,70000,53990,22,649,57,16,512,
MSI Modern 14 H Intel Core i5 13th Gen 13420H - (16 GB/512 GB SSD/Windows 11 Home) Modern 14 H D13MG-0,68990,52990,23,21,4,16,512,1
HP Laptop Intel Core i3 13th Gen 1315U - (8 GB/512 GB SSD/Windows 11 Home) 15-fd0186TU Thin and Light ,50843,36000,29,522,33,8,512,1
CHUWI Intel Celeron Dual Core 11th Gen N4020 - (8 GB/256 GB SSD/Windows 11 Home) HeroBook Pro Laptop,34990,17990,48,1711,204,8,8,1
MOTOROLA Motobook 60 Full Metal OLED (i7 14th Gen) Intel Core 7 (Series 2) 240H - (16 GB/1 TB SSD/Wind,110490,71990,34,233,34,16,,1
Acer Spin 7 Intel Core i7 7th Gen 7Y75 - (8 GB/256 GB SSD/Windows 10 Home) SP714-51 Laptop,,124900,,1,1,8,256,1
CHUWI Intel Celeron Quad Core 12th Gen N100 - (8 GB/256 GB SSD/Windows 11 Home) GemiBook X_Pro Laptop,34990,22990,34,761,135,8,256,1
Acer Predator Helios 16 Intel Core i9 14th Gen 14900HX - (16 GB/1 TB SSD/Windows 11 Home/8 GB Graphics,199999,169990,15,19,0,16,,1
Primebook 4G Android based MediaTek MT8788 - (4 GB/64 GB EMMC Storage/Prime OS) 4G Thin and Light Lapt,23990,16490,31,17,8,4,,1
MOTOROLA Motobook 60 Full Metal OLED (i7 14th Gen) Intel Core 7 (Series 2) 240H - (16 GB/512 GB SSD/Wi,104890,67990,35,233,34,16,512,1
MSI Modern 15 Intel Core i3 12th Gen Core i3 1215U - (8 GB/512 GB SSD/Windows 11 Home) MODERN 15 B12MO,48990,32990,32,3,0,8,512,
"ASUS Vivobook S14 (2025) with Office 2024 + M365 Basic*, Metallic Design, H-Series Intel Core i5 13th ",90990,62990,30,161,13,16,512,1
HP Victus Intel Core i5 12th Gen 12450H - (8 GB/512 GB SSD/Windows 11 Home/4 GB Graphics/NVIDIA GeForc,72718,54990,24,3012,161,8,512,1
"ASUS Vivobook S15 OLED, A-Part Metal Body, Intel Core i9 13th Gen 13900H - (16 GB/512 GB SSD/Windows 1",116990,89990,23,67,8,16,512,1
CHUWI Intel Celeron Quad Core 12th Gen N100 - (8 GB/256 GB SSD/Windows 11 Home) GemiBook X_Pro Laptop,34990,22990,34,761,135,8,256,1
Lenovo IdeaPad Slim 3 Intel Core i7 12th Gen 1255U - (16 GB/512 GB SSD/Windows 11 Home) 15IAU7 Thin an,81990,62020,24,127,7,16,512,
ASUS Vivobook 15 Intel Core i5 12th Gen 1235U - (16 GB/512 GB SSD/Windows 11 Home) X1502ZA-EJ545WS Thi,74990,51990,30,8310,475,16,512,1
Acer Aspire 15 AMD Ryzen 5 Hexa Core 7430U - (8 GB/512 GB SSD/Windows 11 Home) A325-42 Thin and Light ,54990,36999,32,1928,236,8,512,1
HP 15 (2025) Intel Celeron Dual Core N4500 - (8 GB/512 GB SSD/Windows 11 Pro) 15 Thin and Light Laptop,44990,24700,45,72,5,8,512,1
Infinix ZEROBOOK 13 Intel Intel Core i7 13th Gen 13700H - (32 GB/1 TB SSD/Windows 11 Home) ZL513 Thin ,,119990,,235,45,32,,1
ASUS Expertbook P1 Intel Core i3 13th Gen 1315U - (16 GB/512 GB SSD/Windows 11 Home) P1503CVA-S71074WS,74990,35990,52,958,99,16,512,1
Samsung Galaxy Book4 Metal Intel Core i5 13th Gen 1335U - (8 GB/512 GB SSD/Windows 11 Home) NP750XGJ-K,78189,55990,28,10542,883,8,512,1
Acer Aspire 15 AMD Ryzen 5 Hexa Core 7430U - (16 GB/512 GB SSD/Windows 11 Home) Aspire AS15-42 Thin an,59990,38990,35,1928,236,16,512,1
MOTOROLA Motobook 60 Full Metal OLED (i5 14th Gen) Intel Core 5 (Series 2) 210H - (16 GB/512 GB SSD/Wi,93690,59990,35,435,52,16,512,1
Acer Aspire Intel Core i5 12th Gen 12450H - (16 GB/512 GB SSD/Windows 11 Home) AL15-52H Thin and Light,56990,45990,19,1183,121,16,512,1
Acer Aspire Lite Intel Core i3 13th Gen 1305U - (16 GB/512 GB SSD/Windows 11 Home) AL15-53 Notebook,46990,34990,25,170,14,16,512,1
Lenovo IdeaPad Slim 3 AMD Ryzen 5 Quad Core 7520U - (16 GB/512 GB SSD/Windows 11 Home) 15AMN8 Thin and,72190,40490,43,224,17,16,512,
ASUS Vivobook Go 15 OLED AMD Ryzen 3 Quad Core 7320U - (8 GB/512 GB SSD/Windows 11 Home) E1504FA-LK323,61990,41990,32,4247,461,8,512,1
Acer Swift Neo OLED AI PC Intel Core Ultra 5 115U - (16 GB/512 GB SSD/Windows 11 Home) SFN14-54H Thin ,99999,54990,45,295,39,16,512,1
MOTOROLA Motobook 60 Full Metal OLED (i7 14th Gen) Intel Core 7 (Series 2) 240H - (16 GB/512 GB SSD/Wi,104890,67990,35,233,34,16,512,1
Acer Aspire Lite Intel Core i5 12th Gen 12450H - (16 GB/1 TB SSD/Windows 11 Home) AL15-52H Thin and Li,63990,49990,21,1183,121,16,,
Acer Swift Neo OLED AI PC Intel Core Ultra 5 115U - (16 GB/512 GB SSD/Windows 11 Home) SFN14-54H Thin ,99999,54990,45,295,39,16,512,1
MSI Modern 14 AMD Ryzen 5 Hexa Core 7530U - (16 GB/512 GB SSD/Windows 11 Home) Modern 14 C7M-062IN Thi,64990,38990,40,3224,348,16,512,1
CHUWI Intel Celeron Dual Core 11th Gen N4020 - (8 GB/256 GB SSD/Windows 11 Home) HeroBook Pro Laptop,34990,17990,48,1711,204,8,8,1
MOTOROLA Motobook 60 Full Metal OLED (i7 14th Gen) Intel Core 7 (Series 2) 240H - (16 GB/1 TB SSD/Wind,110490,71990,34,233,34,16,,1
DELL 15 Intel Core i3 13th Gen 1305U - (16 GB/512 GB SSD/Windows 11 Home) OVN353025001RING1O Thin and ,44855,41490,7,70,6,16,512,
Acer Aspire Lite AMD Ryzen 5 Hexa Core 5625U - (8 GB/512 GB SSD/Windows 11 Home) AL15-41 Thin and Ligh,59990,34990,41,1545,133,8,512,1
ASUS Vivobook 15 Intel Core i7 13th Gen 13620H - (16 GB/512 GB SSD/Windows 11 Home) X1502VA-BQ838WS Th,85990,66990,22,184,16,16,512,1
"ASUS Vivobook 16X (2025) for Creator with Office 2024 + M365 Basic, Intel Core i5 13th Gen 13420H - (1",89990,70990,21,344,21,16,512,1
MOTOROLA Motobook 60 Full Metal OLED (i7 14th Gen) Intel Core 7 (Series 2) 240H - (16 GB/512 GB SSD/Wi,104890,67990,35,233,34,16,512,1
Primebook 4G Android based MediaTek MT8788 - (4 GB/64 GB EMMC Storage/Prime OS) 4G Thin and Light Lapt,23990,16490,31,17,8,4,,1
Acer Aspire 7 Intel Core i7 13th Gen 13620H - (16 GB/512 GB SSD/Windows 11 Home/6 GB Graphics/NVIDIA G,99999,72999,27,55,4,16,512,1
Acer Aspire 3 Backlit AMD Ryzen 7 Octa Core 7730U - (16 GB/512 GB SSD/Windows 11 Home) Aspire AS15 - 4,72999,40990,43,849,58,16,512,1
Acer Aspire Lite AMD Ryzen 5 Hexa Core 5625U - (16 GB/1 TB SSD/Windows 11 Home) AL15-41 Thin and Light,64990,37500,42,1545,133,16,,1
CHUWI Intel Celeron Quad Core 12th Gen N100 - (8 GB/256 GB SSD/Windows 11 Home) GemiBook X_Pro Laptop,34990,22990,34,761,135,8,256,1
ASUS Expertbook P1 Intel Core i3 13th Gen 1315U - (8 GB/512 GB SSD/Windows 11 Home) P1503CVA-S70501WS ,69990,34990,50,958,99,8,512,1
Lenovo V 15 (2025) Intel Core i5 12th Gen 1235U - (16 GB/512 GB SSD/Windows 11 Home) V 15 Thin and Lig,85000,44399,47,26,0,16,512,
ASUS Vivobook 15 Intel Core i3 13th Gen 1315U - (16 GB/512 GB SSD/Windows 11 Home) X1504VA-NJ2325WS | ,56990,41990,26,947,74,16,512,1
ASUS Vivobook 15 Intel Core i5 13th Gen 1334U - (8 GB/512 GB SSD/Windows 11 Home) X1504VA-NJ1765WS Thi,68990,43990,36,522,28,8,512,1
HP 15s AMD Ryzen 3 Quad Core 5300U - (8 GB/512 GB SSD/Windows 11 Home) 15s-eq2143au Thin and Light Lap,47737,31990,32,5831,476,8,512,1
Acer Aspire 15 AMD Ryzen 5 Hexa Core 7430U - (16 GB/512 GB SSD/Windows 11 Home) Aspire AS15-42 Thin an,59990,38990,35,1928,236,16,512,1
MOTOROLA Motobook 60 Full Metal OLED (i5 14th Gen) Intel Core 5 (Series 2) 210H - (16 GB/512 GB SSD/Wi,93690,59990,35,435,52,16,512,1
HP MS Office 2024 Intel Core i3 13th Gen 1315U - (8 GB/512 GB SSD/Windows 11 Home) fd0465TU Thin and L,48419,34400,28,24,1,8,512,1
ASUS Vivobook 15 Intel Core i3 13th Gen 1315U - (8 GB/512 GB SSD/Windows 11 Home) X1504VA-NJ320WS Thin,57999,33900,41,947,74,8,512,1
Lenovo Chromebook MediaTek Kompanio 520 - (8 GB/128 GB EMMC Storage/Chrome OS) 14M868 Thin and Light L,30790,23650,23,2379,206,8,,1
Acer Swift Neo OLED AI PC Intel Core Ultra 5 115U - (16 GB/512 GB SSD/Windows 11 Home) SFN14-54H Thin ,99999,54990,45,295,39,16,512,1
MOTOROLA Motobook 60 Full Metal OLED (i7 14th Gen) Intel Core 7 (Series 2) 240H - (16 GB/512 GB SSD/Wi,104890,67990,35,233,34,16,512,1
Acer Aspire Lite AMD Ryzen 3 Quad Core 7330U - (8 GB/256 GB SSD/Windows 11 Home) AL15-41 Thin and Ligh,44990,27990,37,78,7,8,256,1
Acer Aspire Intel Core i3 13th Gen 1305U - (8 GB/512 GB SSD/Windows 11 Home) AL15-53 Notebook,46999,30990,34,170,14,8,512,1
ASUS Vivobook 15 Intel Core i5 12th Gen 1235U - (8 GB/512 GB SSD/Windows 11 Home) X1504ZA-NJ521WS|X150,69990,43990,37,8310,475,8,512,1
DELL 15 AMD Ryzen 5 Hexa Core 7530U - (16 GB/512 GB SSD/Windows 11 Home) 0IN3535100801RINS1O / ODC1525,56919,42490,25,540,36,16,512,1
CHUWI Intel Celeron Dual Core 11th Gen N4020 - (8 GB/256 GB SSD/Windows 11 Home) HeroBook Pro Laptop,34990,17990,48,1711,204,8,8,1
MOTOROLA Motobook 60 Full Metal OLED (i7 14th Gen) Intel Core 7 (Series 2) 240H - (16 GB/1 TB SSD/Wind,110490,71990,34,233,34,16,,1
ASUS Vivobook Go 15 AMD Ryzen 5 Quad Core 7520U - (8 GB/512 GB SSD/Windows 11 Home) E1504FA-NJ133WS | ,50990,35990,29,1253,83,8,512,1
Acer Aspire 3 Intel Celeron Dual Core N4500 - (8 GB/512 GB SSD/Windows 11 Home) A324-45 Thin and Light,32999,22990,30,2837,221,8,512,1
"ASUS Vivobook 15, with Backlit Keyboard, Intel Core i5 12th Gen 1235U - (16 GB/512 GB SSD/Windows 11 H",74990,50990,32,55,6,16,512,1
MOTOROLA Motobook 60 Full Metal OLED (i7 14th Gen) Intel Core 7 (Series 2) 240H - (16 GB/512 GB SSD/Wi,104890,67990,35,233,34,16,512,1
Primebook 4G Android based MediaTek MT8788 - (4 GB/64 GB EMMC Storage/Prime OS) 4G Thin and Light Lapt,23990,16490,31,17,8,4,,1
ASUS Vivobook 15 Intel Core i3 12th Gen 1215U - (8 GB/512 GB SSD/Windows 11 Home) X1504ZA-NJ322WS Thin,54990,32990,40,7475,587,8,512,1
Infinix ZEROBOOK 13 Intel Core i5 13th Gen 13500H - (16 GB/512 GB SSD/Windows 11 Home) ZL513 Thin and ,79990,40990,48,667,98,16,512,1
Lenovo IdeaPad 1 AMD Ryzen 7 Octa Core 5700U - (16 GB/512 GB SSD/Windows 11 Home) 15ALC7 Thin and Ligh,74990,43990,41,500,33,16,512,
Infinix ZERO BOOK ULTRA Series Laptop Intel Intel Core i9 12th Gen 12900H - (16 GB/512 GB SSD/Windows ,,129990,,66,12,16,512,1
Acer Aspire 15 AMD Ryzen 5 Hexa Core 7430U - (16 GB/512 GB SSD/Windows 11 Home) Aspire AS15-42 Thin an,59990,38990,35,1928,236,16,512,1
MOTOROLA Motobook 60 Full Metal OLED (i5 14th Gen) Intel Core 5 (Series 2) 210H - (16 GB/512 GB SSD/Wi,93690,59990,35,435,52,16,512,1
ASUS Vivobook 15 Intel Core i3 12th Gen 1215U - (16 GB/512 GB SSD/Windows 11 Home) X1504ZA-NJ342WS Thi,54990,38900,29,6802,496,16,512,1
